<?xml version="1.0" encoding="UTF-8" standalone="yes"?>
<addon id="repository.d7d6" name="d7d6 add-on repository" version="1.0.0" provider-name="d7d6">
    <extension point="xbmc.addon.repository" name="d7d6 Repository">
        <dir>
            <info compressed="false">https://raw.githubusercontent.com/d7d6/repository.d7d6/master/zips/addons.xml</info>
            <checksum>https://raw.githubusercontent.com/d7d6/repository.d7d6/master/zips/addons.xml.md5</checksum>
            <datadir zip="true">https://raw.githubusercontent.com/d7d6/repository.d7d6/master/zips/</datadir>
        </dir>
    </extension>
    <extension point="xbmc.addon.metadata">
        <summary>d7d6 Repository for Kodi</summary>
        <description>d7d6 Repository for Kodi add-ons</description>
        <disclaimer></disclaimer>
        <platform>all</platform>
        <assets>
            <icon>icon.png</icon>
            <fanart>fanart.jpg</fanart>
        </assets>
    </extension>
</addon>